<?xml version="1.0" encoding="UTF-8"?>
<resqmlv2:CategoricalProperty xmlns:xsi="http://www.w3.org/2001/XMLSchema-instance" xmlns:commonv2="http://www.energistics.org/energyml/data/commonv2" xmlns:resqmlv2="http://www.energistics.org/energyml/data/resqmlv2" existenceKind="actual" schemaVersion="Resqml V2.2" uuid="20e7553a-e469-479d-88e8-25bbbef87757">
  <commonv2:Citation>
    <commonv2:Title>BOREHOLE_GEORESOURCETYPE_BH-SD15 code_geol</commonv2:Title>
    <commonv2:Originator>jm.leonard</commonv2:Originator>
    <commonv2:Creation>2018-06-12T09:22:02.873+02:00</commonv2:Creation>
    <commonv2:Format>RESQML BUILDER</commonv2:Format>
    <commonv2:Editor>Geosiris</commonv2:Editor>
    <commonv2:LastUpdate>2019-07-03T15:32:19.334+02:00</commonv2:LastUpdate>
    <commonv2:Description>code_geol</commonv2:Description>
    <commonv2:DescriptiveKeywords>[Geolog]</commonv2:DescriptiveKeywords>
  </commonv2:Citation>
  <resqmlv2:IndexableElement>intervals from datum</resqmlv2:IndexableElement>
  <resqmlv2:ValueCountPerIndexableElement>1</resqmlv2:ValueCountPerIndexableElement>
  <resqmlv2:PropertyKind>
    <commonv2:ContentType>application/x-eml+xml;version=2.2;type=PropertyKind</commonv2:ContentType>
    <commonv2:Title>[Geolog] code_geol</commonv2:Title>
    <commonv2:Uuid>0c10d77d-0918-4132-b900-45184618706e</commonv2:Uuid>
  </resqmlv2:PropertyKind>
  <resqmlv2:SupportingRepresentation>
    <commonv2:ContentType>application/x-resqml+xml;version=2.2;type=WellboreFrameRepresentation</commonv2:ContentType>
    <commonv2:Title>BH-SD15 log_geol</commonv2:Title>
    <commonv2:Uuid>0d7aae52-c48b-455e-a570-66d0272d5ecd</commonv2:Uuid>
    <commonv2:VersionString></commonv2:VersionString>
  </resqmlv2:SupportingRepresentation>
  <resqmlv2:PatchOfValues>
    <resqmlv2:RepresentationPatchIndex>0</resqmlv2:RepresentationPatchIndex>
    <resqmlv2:Values xsi:type="commonv2:IntegerExternalArray">
      <commonv2:NullValue>-1</commonv2:NullValue>
      <commonv2:Values>
        <commonv2:ExternalFileProxy>
          <commonv2:Count>1</commonv2:Count>
          <commonv2:PathInExternalFile>/RESQML/0d7aae52-c48b-455e-a570-66d0272d5ecd/code_geol</commonv2:PathInExternalFile>
          <commonv2:StartIndex>0</commonv2:StartIndex>
          <commonv2:EpcExternalPartReference>
            <commonv2:ContentType>application/x-eml+xml;version=2.2;type=EpcExternalPartReference</commonv2:ContentType>
            <commonv2:Title>External HDF5 proxy</commonv2:Title>
            <commonv2:Uuid>ae4846e1-2011-49a2-b867-abdd8d3cac03</commonv2:Uuid>
          </commonv2:EpcExternalPartReference>
        </commonv2:ExternalFileProxy>
      </commonv2:Values>
    </resqmlv2:Values>
  </resqmlv2:PatchOfValues>
  <resqmlv2:Lookup>
    <commonv2:ContentType>application/x-resqml+xml;version=2.2;type=StringTableLookup</commonv2:ContentType>
    <commonv2:Title>code_geol</commonv2:Title>
    <commonv2:Uuid>8f61a4ce-abb3-4397-bf8d-a925ce1d9e81</commonv2:Uuid>
  </resqmlv2:Lookup>
</resqmlv2:CategoricalProperty>