<?xml version="1.0" encoding="UTF-8"?>
<resqmlv2:DeviationSurveyRepresentation xmlns:xsi="http://www.w3.org/2001/XMLSchema-instance" xmlns:commonv2="http://www.energistics.org/energyml/data/commonv2" xmlns:resqmlv2="http://www.energistics.org/energyml/data/resqmlv2" existenceKind="actual" schemaVersion="Resqml V2.2" uuid="4bcf2f52-7590-4fee-b3c6-730bc8ae5894">
  <commonv2:Citation>
    <commonv2:Title>BOREHOLE_ATLOCATION_BH-SD15 survey_data</commonv2:Title>
    <commonv2:Originator>jm.leonard</commonv2:Originator>
    <commonv2:Creation>2018-06-12T09:22:02.857+02:00</commonv2:Creation>
    <commonv2:Format>RESQML BUILDER</commonv2:Format>
    <commonv2:Editor>Geosiris</commonv2:Editor>
    <commonv2:LastUpdate>2019-07-03T15:32:27.391+02:00</commonv2:LastUpdate>
  </commonv2:Citation>
  <resqmlv2:AngleUom>dega</resqmlv2:AngleUom>
  <resqmlv2:Azimuths xsi:type="commonv2:FloatingPointExternalArray">
    <commonv2:Values>
      <commonv2:ExternalFileProxy>
        <commonv2:Count>1</commonv2:Count>
        <commonv2:PathInExternalFile>/RESQML/714931ea-0d2b-4519-b4d6-9a6e78a3ad5b/azimuths</commonv2:PathInExternalFile>
        <commonv2:StartIndex>0</commonv2:StartIndex>
        <commonv2:EpcExternalPartReference>
          <commonv2:ContentType>application/x-eml+xml;version=2.2;type=EpcExternalPartReference</commonv2:ContentType>
          <commonv2:Title>External HDF5 proxy</commonv2:Title>
          <commonv2:Uuid>ae4846e1-2011-49a2-b867-abdd8d3cac03</commonv2:Uuid>
        </commonv2:EpcExternalPartReference>
      </commonv2:ExternalFileProxy>
    </commonv2:Values>
  </resqmlv2:Azimuths>
  <resqmlv2:FirstStationLocation>
    <resqmlv2:LocalCrs>
      <commonv2:ContentType>application/x-resqml+xml;version=2.2;type=LocalDepth3dCrs</commonv2:ContentType>
      <commonv2:Title>Default local CRS</commonv2:Title>
      <commonv2:Uuid>15ae706d-61cf-402b-aad2-9eeaf932733f</commonv2:Uuid>
    </resqmlv2:LocalCrs>
    <resqmlv2:Point3d>
      <resqmlv2:Coordinate1>4692098.0</resqmlv2:Coordinate1>
      <resqmlv2:Coordinate2>7776100.0</resqmlv2:Coordinate2>
      <resqmlv2:Coordinate3>1001.5</resqmlv2:Coordinate3>
    </resqmlv2:Point3d>
  </resqmlv2:FirstStationLocation>
  <resqmlv2:Inclinations xsi:type="commonv2:FloatingPointExternalArray">
    <commonv2:Values>
      <commonv2:ExternalFileProxy>
        <commonv2:Count>1</commonv2:Count>
        <commonv2:PathInExternalFile>/RESQML/714931ea-0d2b-4519-b4d6-9a6e78a3ad5b/inclinations</commonv2:PathInExternalFile>
        <commonv2:StartIndex>0</commonv2:StartIndex>
        <commonv2:EpcExternalPartReference>
          <commonv2:ContentType>application/x-eml+xml;version=2.2;type=EpcExternalPartReference</commonv2:ContentType>
          <commonv2:Title>External HDF5 proxy</commonv2:Title>
          <commonv2:Uuid>ae4846e1-2011-49a2-b867-abdd8d3cac03</commonv2:Uuid>
        </commonv2:EpcExternalPartReference>
      </commonv2:ExternalFileProxy>
    </commonv2:Values>
  </resqmlv2:Inclinations>
  <resqmlv2:IsFinal>true</resqmlv2:IsFinal>
  <resqmlv2:Mds xsi:type="commonv2:FloatingPointExternalArray">
    <commonv2:Values>
      <commonv2:ExternalFileProxy>
        <commonv2:Count>1</commonv2:Count>
        <commonv2:PathInExternalFile>/RESQML/714931ea-0d2b-4519-b4d6-9a6e78a3ad5b/mds</commonv2:PathInExternalFile>
        <commonv2:StartIndex>0</commonv2:StartIndex>
        <commonv2:EpcExternalPartReference>
          <commonv2:ContentType>application/x-eml+xml;version=2.2;type=EpcExternalPartReference</commonv2:ContentType>
          <commonv2:Title>External HDF5 proxy</commonv2:Title>
          <commonv2:Uuid>ae4846e1-2011-49a2-b867-abdd8d3cac03</commonv2:Uuid>
        </commonv2:EpcExternalPartReference>
      </commonv2:ExternalFileProxy>
    </commonv2:Values>
  </resqmlv2:Mds>
  <resqmlv2:MdUom>m</resqmlv2:MdUom>
  <resqmlv2:StationCount>3</resqmlv2:StationCount>
  <resqmlv2:MdDatum>
    <commonv2:ContentType>application/x-resqml+xml;version=2.2;type=MdDatum</commonv2:ContentType>
    <commonv2:Title>BOREHOLE_TRAJECTORY_REFERENT_BH-SD15 Well_head_location</commonv2:Title>
    <commonv2:Uuid>49754140-df06-477f-8bd1-c473c2a885c7</commonv2:Uuid>
  </resqmlv2:MdDatum>
</resqmlv2:DeviationSurveyRepresentation>