<?xml version="1.0" encoding="UTF-8"?>
<resqmlv2:MdDatum xmlns:commonv2="http://www.energistics.org/energyml/data/commonv2" xmlns:resqmlv2="http://www.energistics.org/energyml/data/resqmlv2" existenceKind="actual" schemaVersion="Resqml V2.2" uuid="49754140-df06-477f-8bd1-c473c2a885c7">
  <commonv2:Citation>
    <commonv2:Title>BOREHOLE_TRAJECTORY_REFERENT_BH-SD15 Well_head_location</commonv2:Title>
    <commonv2:Originator>jm.leonard</commonv2:Originator>
    <commonv2:Creation>2018-06-12T09:22:02.857+02:00</commonv2:Creation>
    <commonv2:Format>RESQML BUILDER</commonv2:Format>
    <commonv2:Editor>Geosiris</commonv2:Editor>
    <commonv2:LastUpdate>2019-07-03T14:41:32.285+02:00</commonv2:LastUpdate>
    <commonv2:Description>Well_head_location</commonv2:Description>
    <commonv2:DescriptiveKeywords>BH-SD15</commonv2:DescriptiveKeywords>
  </commonv2:Citation>
  <resqmlv2:Location>
    <resqmlv2:LocalCrs>
      <commonv2:ContentType>application/x-resqml+xml;version=2.2;type=LocalDepth3dCrs</commonv2:ContentType>
      <commonv2:Title>BOREHOLE_TRAJECTORY_POSITION_Default local CRS</commonv2:Title>
      <commonv2:Uuid>15ae706d-61cf-402b-aad2-9eeaf932733f</commonv2:Uuid>
    </resqmlv2:LocalCrs>
    <resqmlv2:Point3d>
      <resqmlv2:Coordinate1>4692098.0</resqmlv2:Coordinate1>
      <resqmlv2:Coordinate2>7776100.0</resqmlv2:Coordinate2>
      <resqmlv2:Coordinate3>1001.5</resqmlv2:Coordinate3>
    </resqmlv2:Point3d>
  </resqmlv2:Location>
  <resqmlv2:MdReference>ground level</resqmlv2:MdReference>
</resqmlv2:MdDatum>