<?xml version="1.0" encoding="UTF-8"?>
<commonv2:PropertyKind xmlns:commonv2="http://www.energistics.org/energyml/data/commonv2" existenceKind="actual" schemaVersion="Resqml V2.2" uuid="620519ee-6208-4990-b898-bf3b8609417f">
  <commonv2:Citation>
    <commonv2:Title>BOREHOLE_PROPERTYTYPETYPE_[Geolog] nom_geol</commonv2:Title>
    <commonv2:Originator>jm.leonard</commonv2:Originator>
    <commonv2:Creation>2018-06-12T09:22:02.296+02:00</commonv2:Creation>
    <commonv2:Format>GEOSIRIS Resqml V2.2 Editor _Beta1</commonv2:Format>
    <commonv2:Editor>Geosiris</commonv2:Editor>
    <commonv2:LastUpdate>2019-07-03T15:24:15.770+02:00</commonv2:LastUpdate>
    <commonv2:DescriptiveKeywords>[Geolog]</commonv2:DescriptiveKeywords>
  </commonv2:Citation>
  <commonv2:IsAbstract>false</commonv2:IsAbstract>
  <commonv2:QuantityClass>Formation_Type</commonv2:QuantityClass>
</commonv2:PropertyKind>