<?xml version="1.0" encoding="UTF-8"?>
<resqmlv2:StringTableLookup xmlns:commonv2="http://www.energistics.org/energyml/data/commonv2" xmlns:resqmlv2="http://www.energistics.org/energyml/data/resqmlv2" existenceKind="actual" schemaVersion="Resqml V2.2" uuid="be689468-9bde-4110-bbef-46e3a7098c40">
  <commonv2:Citation>
    <commonv2:Title>BOEHOLE_GEORESOURCETYPETYPE_nom_geol</commonv2:Title>
    <commonv2:Originator>jm.leonard</commonv2:Originator>
    <commonv2:Creation>2018-06-12T09:22:02.233+02:00</commonv2:Creation>
    <commonv2:Format>RESQML BUILDER</commonv2:Format>
    <commonv2:Editor>Geosiris</commonv2:Editor>
    <commonv2:LastUpdate>2019-07-03T15:15:53.247+02:00</commonv2:LastUpdate>
    <commonv2:Description>nom_geol</commonv2:Description>
    <commonv2:DescriptiveKeywords>[Geolog]</commonv2:DescriptiveKeywords>
  </commonv2:Citation>
  <resqmlv2:Value>
    <resqmlv2:Key>0</resqmlv2:Key>
    <resqmlv2:Value>Couverture</resqmlv2:Value>
  </resqmlv2:Value>
  <resqmlv2:Value>
    <resqmlv2:Key>1</resqmlv2:Key>
    <resqmlv2:Value>Filon</resqmlv2:Value>
  </resqmlv2:Value>
  <resqmlv2:Value>
    <resqmlv2:Key>2</resqmlv2:Key>
    <resqmlv2:Value>Substratum</resqmlv2:Value>
  </resqmlv2:Value>
</resqmlv2:StringTableLookup>