<?xml version="1.0" encoding="UTF-8"?>
<resqmlv2:WellboreFeature xmlns:commonv2="http://www.energistics.org/energyml/data/commonv2" xmlns:resqmlv2="http://www.energistics.org/energyml/data/resqmlv2" existenceKind="actual" schemaVersion="Resqml V2.2" uuid="b64102c7-2f8d-4737-b9ba-f7aaeb70cb29">
  <commonv2:Citation>
    <commonv2:Title>BOREHOLE_NAME-BH-SD15</commonv2:Title>
    <commonv2:Originator>jm.leonard</commonv2:Originator>
    <commonv2:Creation>2018-06-12T09:20:55.871+02:00</commonv2:Creation>
    <commonv2:Format>RESQML BUILDER</commonv2:Format>
    <commonv2:Editor>Geosiris</commonv2:Editor>
    <commonv2:LastUpdate>2019-07-03T15:02:20.291+02:00</commonv2:LastUpdate>
    <commonv2:VersionString></commonv2:VersionString>
    <commonv2:Description>BOREHOLE_DESCRIPTION : </commonv2:Description>
    <commonv2:DescriptiveKeywords>ND</commonv2:DescriptiveKeywords>
  </commonv2:Citation>
</resqmlv2:WellboreFeature>